Lepirudin,drug2gene,F2
Etanercept,drug2gene,TNF
Bivalirudin,drug2gene,F2
Anakinra,drug2gene,IL1R1
Human immunoglobulin G,drug2gene,FCGR1A
Human immunoglobulin G,drug2gene,FCGR1B
Human immunoglobulin G,drug2gene,FCGR2A
Human immunoglobulin G,drug2gene,FCGR2B
Human immunoglobulin G,drug2gene,FCGR2C
Human immunoglobulin G,drug2gene,FCGR3A
Human immunoglobulin G,drug2gene,FCGR3B
Omalizumab,drug2gene,FCER1A
Omalizumab,drug2gene,MS4A2
Cetrorelix,drug2gene,GNRHR
Adalimumab,drug2gene,TNF
Abciximab,drug2gene,ITGB3
Abciximab,drug2gene,ITGA2B
Drotrecogin alfa,drug2gene,F8
Drotrecogin alfa,drug2gene,F5
Alpha-1-proteinase inhibitor,drug2gene,ELANE
Infliximab,drug2gene,TNF
Pegvisomant,drug2gene,GHR
Botulinum toxin type A,drug2gene,SNAP25
Cyclosporine,drug2gene,PPP3R2
Cyclosporine,drug2gene,PPIA
Alefacept,drug2gene,CD2
Antithymocyte immunoglobulin (rabbit),drug2gene,MR1
Abarelix,drug2gene,GNRHR
alpha-Linolenic acid,drug2gene,TRPV1
Calcitriol,drug2gene,VDR
Icosapent,drug2gene,PTGS2
Icosapent,drug2gene,PTGS1
Icosapent,drug2gene,SLC8A1
Asparagine,drug2gene,SLC38A1
Pravastatin,drug2gene,HMGCR
Fluvoxamine,drug2gene,SLC6A4
Valsartan,drug2gene,AGTR1
Ramipril,drug2gene,ACE
Masoprocol,drug2gene,ALOX5
Masoprocol,drug2gene,TRPM7
Amphetamine,drug2gene,SLC18A2
Amphetamine,drug2gene,MAOA
Esmolol,drug2gene,ADRB1
Bortezomib,drug2gene,PSMB5
Bortezomib,drug2gene,PSMB1
Carbidopa,drug2gene,DDC
Phentermine,drug2gene,SLC6A2
Phentermine,drug2gene,SLC6A4
Phentermine,drug2gene,SLC6A3
Phentermine,drug2gene,MAOA
Phentermine,drug2gene,MAOB
Phentermine,drug2gene,NPY
Indecainide,drug2gene,SCN5A
Tramadol,drug2gene,SLC6A2
Tramadol,drug2gene,SLC6A4
Tramadol,drug2gene,SCN2A
Tramadol,drug2gene,GRIN1
Betaxolol,drug2gene,ADRB1
Caffeine,drug2gene,ADORA1
Caffeine,drug2gene,ADORA2A
Caffeine,drug2gene,ADORA2B
Caffeine,drug2gene,ADORA3
Caffeine,drug2gene,PDE1B
Sildenafil,drug2gene,PDE5A
Dofetilide,drug2gene,KCNH2
Dofetilide,drug2gene,KCNK2
Dofetilide,drug2gene,KCNJ12
Pyrimethamine,drug2gene,DHFR
Reserpine,drug2gene,SLC18A2
Ticlopidine,drug2gene,P2RY12
Adapalene,drug2gene,JUN
Adapalene,drug2gene,TLR2
Pantoprazole,drug2gene,ATP4A
Torasemide,drug2gene,SLC12A2
Torasemide,drug2gene,SLC12A1
Citalopram,drug2gene,SLC6A4
Bethanidine,drug2gene,KCNJ1
Oxyphenonium,drug2gene,CHRM1
Glimepiride,drug2gene,KCNJ11
Glimepiride,drug2gene,KCNJ1
Lovastatin,drug2gene,HMGCR
Enflurane,drug2gene,CACNG1
Reboxetine,drug2gene,SLC6A2
Milrinone,drug2gene,PDE3A
Cladribine,drug2gene,RRM1
Cladribine,drug2gene,RRM2
Cladribine,drug2gene,RRM2B
Cladribine,drug2gene,POLA1
Cladribine,drug2gene,POLE
Cladribine,drug2gene,POLE2
Cladribine,drug2gene,POLE3
Cladribine,drug2gene,POLE4
Mesalazine,drug2gene,PTGS2
Mesalazine,drug2gene,PTGS1
Mesalazine,drug2gene,ALOX5
Benzatropine,drug2gene,CHRM1
Benzatropine,drug2gene,SLC6A3
Ziprasidone,drug2gene,DRD2
Ziprasidone,drug2gene,HTR2A
Ziprasidone,drug2gene,HTR1D
Ziprasidone,drug2gene,HTR2C
Methysergide,drug2gene,HTR2B
Methysergide,drug2gene,HTR2C
Methysergide,drug2gene,HTR2A
Methysergide,drug2gene,HTR7
Phenytoin,drug2gene,SCN5A
Phenytoin,drug2gene,SCN1A
Phenytoin,drug2gene,KCNH2
Phenytoin,drug2gene,CACNA1C
Phenytoin,drug2gene,SCN2A
Phenytoin,drug2gene,SCN8A
Clotrimazole,drug2gene,KCNN4
Anagrelide,drug2gene,PDE3A
Carmustine,drug2gene,GSR
Metoprolol,drug2gene,ADRB1
Dicoumarol,drug2gene,VKORC1
Isradipine,drug2gene,CACNA1C
Isradipine,drug2gene,CACNA2D1
Isradipine,drug2gene,CACNB2
Isradipine,drug2gene,CACNA1H
Isradipine,drug2gene,CACNA2D2
Isradipine,drug2gene,CACNA1D
Isradipine,drug2gene,CACNA1S
Topiramate,drug2gene,SCN1A
Topiramate,drug2gene,GRIK1
Topiramate,drug2gene,CA2
Topiramate,drug2gene,CA4
Topiramate,drug2gene,CACNA1C
Olmesartan,drug2gene,AGTR1
Amsacrine,drug2gene,TOP2A
Theophylline,drug2gene,ADORA1
Theophylline,drug2gene,ADORA2A
Theophylline,drug2gene,ADORA2B
Theophylline,drug2gene,PDE4B
Theophylline,drug2gene,PDE5A
Theophylline,drug2gene,PDE4A
Theophylline,drug2gene,PDE3A
Argatroban,drug2gene,F2
Disopyramide,drug2gene,SCN5A
Lidocaine,drug2gene,SCN10A
Lidocaine,drug2gene,SCN9A
Lidocaine,drug2gene,SCN5A
Pamidronic acid,drug2gene,FDPS
Clemastine,drug2gene,HRH1
Acarbose,drug2gene,MGAM
Acarbose,drug2gene,SI
Acarbose,drug2gene,AMY2A
Venlafaxine,drug2gene,SLC6A4
Venlafaxine,drug2gene,SLC6A2
Atomoxetine,drug2gene,SLC6A2
Raltitrexed,drug2gene,TYMS
Ropivacaine,drug2gene,SCN10A
Bupivacaine,drug2gene,SCN10A
Dapiprazole,drug2gene,ADRA1A
Dapiprazole,drug2gene,ADRA1D
Dapiprazole,drug2gene,ADRA1B
Tranexamic acid,drug2gene,PLG
Ibutilide,drug2gene,KCNH2
Vindesine,drug2gene,TUBB1
Chlorthalidone,drug2gene,CA1
Chlorthalidone,drug2gene,SLC12A1
Valproic acid,drug2gene,HDAC9
Acetaminophen,drug2gene,PTGS2
Acetaminophen,drug2gene,PTGS1
Gefitinib,drug2gene,EGFR
Amitriptyline,drug2gene,SLC6A2
Amitriptyline,drug2gene,SLC6A4
Amitriptyline,drug2gene,HTR2A
Tolcapone,drug2gene,COMT
Indomethacin,drug2gene,PTGS2
Indomethacin,drug2gene,PLA2G2A
Indomethacin,drug2gene,PTGS1
Metformin,drug2gene,ETFDH
Ipratropium,drug2gene,CHRM3
Ipratropium,drug2gene,CHRM1
Ipratropium,drug2gene,CHRM2
Methadone,drug2gene,GRIN1
Olanzapine,drug2gene,HTR2A
Olanzapine,drug2gene,DRD2
Atenolol,drug2gene,ADRB1
Omeprazole,drug2gene,ATP4A
Metixene,drug2gene,CHRM1
Cetirizine,drug2gene,HRH1
Terfenadine,drug2gene,HRH1
Protriptyline,drug2gene,SLC6A2
Protriptyline,drug2gene,SLC6A4
Alfuzosin,drug2gene,ADRA1A
Alfuzosin,drug2gene,ADRA1B
Alfuzosin,drug2gene,ADRA1D
Trimethadione,drug2gene,CACNA1G
Nitisinone,drug2gene,HPD
Methylergometrine,drug2gene,DRD1
Buclizine,drug2gene,HRH1
Buclizine,drug2gene,CHRM1
Aminoglutethimide,drug2gene,CYP11A1
Aminoglutethimide,drug2gene,CYP19A1
Vinorelbine,drug2gene,TUBB
Clozapine,drug2gene,DRD2
Clozapine,drug2gene,HTR2A
Sucralfate,drug2gene,PGA5
Doxylamine,drug2gene,HRH1
Levonorgestrel,drug2gene,SRD5A1
Mirtazapine,drug2gene,HTR2A
Mirtazapine,drug2gene,null
Mirtazapine,drug2gene,ADRA2A
Timolol,drug2gene,ADRB1
Timolol,drug2gene,ADRB2
Trihexyphenidyl,drug2gene,CHRM1
Palonosetron,drug2gene,HTR3A
Mexiletine,drug2gene,SCN5A
Dexrazoxane,drug2gene,TOP2A
Amlodipine,drug2gene,CACNA1C
Amlodipine,drug2gene,CACNA1I
Tacrine,drug2gene,BCHE
Tacrine,drug2gene,ACHE
Oxyphencyclimine,drug2gene,CHRM3
Oxyphencyclimine,drug2gene,CHRM1
Oxyphencyclimine,drug2gene,CHRM2
Triamterene,drug2gene,SCNN1G
Triamterene,drug2gene,SCNN1A
Triamterene,drug2gene,SCNN1B
Valrubicin,drug2gene,TOP2A
Procyclidine,drug2gene,CHRM3
Procyclidine,drug2gene,CHRM1
Procyclidine,drug2gene,CHRM2
Procyclidine,drug2gene,CHRM4
Carbimazole,drug2gene,TPO
Digoxin,drug2gene,ATP1A1
Sulpiride,drug2gene,DRD2
Profenamine,drug2gene,CHRM1
Profenamine,drug2gene,GRIN3A
Nimodipine,drug2gene,CACNA1C
Nimodipine,drug2gene,CACNA1D
Nimodipine,drug2gene,CACNA1F
Nimodipine,drug2gene,CACNA1S
Nimodipine,drug2gene,CACNB1
Nimodipine,drug2gene,CACNB2
Nimodipine,drug2gene,CACNB3
Nimodipine,drug2gene,CACNB4
Progesterone,drug2gene,NR3C2
Sorafenib,drug2gene,BRAF
Sorafenib,drug2gene,RAF1
Sorafenib,drug2gene,FLT4
Sorafenib,drug2gene,KDR
Sorafenib,drug2gene,FLT3
Sorafenib,drug2gene,PDGFRB
Sorafenib,drug2gene,KIT
Sorafenib,drug2gene,FGFR1
Sorafenib,drug2gene,RET
Sorafenib,drug2gene,FLT1
Zoledronic acid,drug2gene,GGPS1
Zoledronic acid,drug2gene,FDPS
Nisoldipine,drug2gene,CACNA1C
Nisoldipine,drug2gene,CACNA2D1
Nisoldipine,drug2gene,CACNB2
Nisoldipine,drug2gene,CACNA1D
Nisoldipine,drug2gene,CACNA1S
Dexbrompheniramine,drug2gene,HRH1
Loxapine,drug2gene,HTR2A
Loxapine,drug2gene,DRD2
Remoxipride,drug2gene,DRD2
Acetohexamide,drug2gene,KCNJ1
Metocurine iodide,drug2gene,CHRNA2
Miglustat,drug2gene,UGCG
Promazine,drug2gene,DRD2
Spironolactone,drug2gene,NR3C2
Methylphenidate,drug2gene,SLC6A3
Hyoscyamine,drug2gene,CHRM1
Hyoscyamine,drug2gene,CHRM2
Triprolidine,drug2gene,HRH1
Lindane,drug2gene,GABRB1
Trifluridine,drug2gene,TYMS
Prochlorperazine,drug2gene,DRD2
Cyproheptadine,drug2gene,HRH1
Cyproheptadine,drug2gene,HTR2A
Cyproheptadine,drug2gene,HTR2C
Bendroflumethiazide,drug2gene,SLC12A3
Allopurinol,drug2gene,XDH
Cerivastatin,drug2gene,HMGCR
Gemcitabine,drug2gene,RRM1
Teniposide,drug2gene,TOP2A
Lansoprazole,drug2gene,ATP4A
Droperidol,drug2gene,ADRA1A
Droperidol,drug2gene,DRD2
Loratadine,drug2gene,HRH1
Prazosin,drug2gene,ADRA1A
Prazosin,drug2gene,ADRA1B
Prazosin,drug2gene,ADRA1D
Imipramine,drug2gene,SLC6A2
Imipramine,drug2gene,SLC6A4
Nabumetone,drug2gene,PTGS2
Methscopolamine bromide,drug2gene,CHRM2
Methscopolamine bromide,drug2gene,CHRM1
Sodium tetradecyl sulfate,drug2gene,PROS1
Sodium tetradecyl sulfate,drug2gene,PROC
Ketorolac,drug2gene,PTGS2
Tenoxicam,drug2gene,PTGS2
Montelukast,drug2gene,CYSLTR1
Fluoxetine,drug2gene,SLC6A4
Hexylcaine,drug2gene,SCN5A
Methohexital,drug2gene,GABRA1
Duloxetine,drug2gene,SLC6A4
Duloxetine,drug2gene,SLC6A2
Chlorpromazine,drug2gene,DRD2
Chlorpromazine,drug2gene,DRD1
Chlorpromazine,drug2gene,HTR1A
Chlorpromazine,drug2gene,HTR2A
Chlorpromazine,drug2gene,ADRA1A
Chlorpromazine,drug2gene,ADRA1B
Chlorpromazine,drug2gene,HRH1
Lenalidomide,drug2gene,CRBN
Lenalidomide,drug2gene,TNFSF11
Celecoxib,drug2gene,PTGS2
Celecoxib,drug2gene,NEU1
Gallamine triethiodide,drug2gene,CHRM2
Gallamine triethiodide,drug2gene,ACHE
Sotalol,drug2gene,ADRB1
Sotalol,drug2gene,ADRB2
Sotalol,drug2gene,KCNH2
Buspirone,drug2gene,DRD2
Miglitol,drug2gene,GAA
Miglitol,drug2gene,GANAB
Miglitol,drug2gene,GANC
Miglitol,drug2gene,MGAM
Fosinopril,drug2gene,ACE
Entacapone,drug2gene,COMT
Darifenacin,drug2gene,CHRM3
Phenindione,drug2gene,VKORC1
Flutamide,drug2gene,AR
Tolmetin,drug2gene,PTGS2
Cimetidine,drug2gene,HRH2
Haloperidol,drug2gene,DRD2
Triflupromazine,drug2gene,DRD2
Triflupromazine,drug2gene,DRD1
Triflupromazine,drug2gene,HTR2B
Triflupromazine,drug2gene,CHRM1
Triflupromazine,drug2gene,CHRM2
Acetyldigitoxin,drug2gene,ATP1A1
Aminocaproic acid,drug2gene,PLG
Aminocaproic acid,drug2gene,PLAT
Dextromethorphan,drug2gene,GRIN3A
Anisotropine methylbromide,drug2gene,CHRM1
Anisotropine methylbromide,drug2gene,CHRM2
Anisotropine methylbromide,drug2gene,CHRM3
Trandolapril,drug2gene,ACE
Carteolol,drug2gene,ADRB2
Metolazone,drug2gene,SLC12A3
Cinchocaine,drug2gene,SCN5A
Cinchocaine,drug2gene,SCN10A
Lercanidipine,drug2gene,CACNG1
Erlotinib,drug2gene,EGFR
Mephenytoin,drug2gene,SCN5A
Rofecoxib,drug2gene,PTGS2
Guanidine,drug2gene,ALDH2
Nortriptyline,drug2gene,SLC6A2
Nortriptyline,drug2gene,SLC6A4
Nortriptyline,drug2gene,HTR2A
Vincristine,drug2gene,TUBB
Benazepril,drug2gene,ACE
Amoxapine,drug2gene,SLC6A4
Pyridostigmine,drug2gene,BCHE
Pyridostigmine,drug2gene,ACHE
Azelaic acid,drug2gene,AKR1D1
Azelaic acid,drug2gene,SRD5A2
Azelaic acid,drug2gene,TYR
Zafirlukast,drug2gene,CYSLTR1
Propylthiouracil,drug2gene,TPO
Pentostatin,drug2gene,ADA
Piroxicam,drug2gene,PTGS2
Lamotrigine,drug2gene,CACNA1E
Lamotrigine,drug2gene,SCN1A
Bosentan,drug2gene,EDNRB
Bosentan,drug2gene,EDNRA
Doxapram,drug2gene,KCNK3
Doxapram,drug2gene,KCNK9
Benzthiazide,drug2gene,SLC12A3
Benzthiazide,drug2gene,CA1
Methotrexate,drug2gene,TYMS
Methotrexate,drug2gene,ATIC
Methotrexate,drug2gene,DHFR
Carbamazepine,drug2gene,SCN1A
Cisatracurium,drug2gene,CHRNA10
Cinnarizine,drug2gene,HRH1
Cinnarizine,drug2gene,CACNA1C
Cinnarizine,drug2gene,CACNA1D
Cinnarizine,drug2gene,CACNA1F
Cinnarizine,drug2gene,CACNA1S
Cinnarizine,drug2gene,CACNA1G
Cinnarizine,drug2gene,CACNA1H
Cinnarizine,drug2gene,CACNA1I
Fondaparinux,drug2gene,F10
Propranolol,drug2gene,ADRB1
Atropine,drug2gene,CHRM1
Atropine,drug2gene,CHRM2
Atropine,drug2gene,CHRM3
Atropine,drug2gene,CHRM4
Atropine,drug2gene,CHRM5
Fenoprofen,drug2gene,PTGS2
Fenfluramine,drug2gene,SLC6A4
Fenfluramine,drug2gene,SIGMAR1
Mazindol,drug2gene,SLC6A2
Mazindol,drug2gene,SLC6A3
Mazindol,drug2gene,SLC6A4
Valdecoxib,drug2gene,PTGS2
Enalapril,drug2gene,ACE
Nizatidine,drug2gene,HRH2
Diclofenac,drug2gene,PTGS2
Diclofenac,drug2gene,PTGS1
Doxazosin,drug2gene,ADRA1A
Doxazosin,drug2gene,ADRA1D
Ethosuximide,drug2gene,CACNA1G
Amiloride,drug2gene,SCNN1A
Amiloride,drug2gene,SCNN1B
Amiloride,drug2gene,SCNN1G
Amiloride,drug2gene,SCNN1D
Labetalol,drug2gene,ADRB1
Labetalol,drug2gene,ADRB2
Labetalol,drug2gene,ADRA1A
Sulindac,drug2gene,PTGS2
Cyclothiazide,drug2gene,FXYD2
Cyclothiazide,drug2gene,CA1
Butorphanol,drug2gene,OPRM1
Bisoprolol,drug2gene,ADRB1
Paramethadione,drug2gene,CACNA1I
Imatinib,drug2gene,BCR
Imatinib,drug2gene,KIT
Imatinib,drug2gene,RET
Imatinib,drug2gene,PDGFRA
Imatinib,drug2gene,ABL1
Imatinib,drug2gene,PDGFRB
Nicardipine,drug2gene,CACNA1C
Nicardipine,drug2gene,CACNB2
Nicardipine,drug2gene,CACNA2D1
Nicardipine,drug2gene,CACNA1D
Fluphenazine,drug2gene,DRD2
Fluphenazine,drug2gene,DRD1
Bacitracin,drug2gene,IDE
Alendronic acid,drug2gene,FDPS
Clofarabine,drug2gene,POLA1
Clofarabine,drug2gene,RRM1
Astemizole,drug2gene,HRH1
Simvastatin,drug2gene,HMGCR
Pemetrexed,drug2gene,TYMS
Pemetrexed,drug2gene,ATIC
Pemetrexed,drug2gene,DHFR
Pemetrexed,drug2gene,GART
Mebendazole,drug2gene,TUBA1A
Mebendazole,drug2gene,TUBB4B
Dyclonine,drug2gene,SCN10A
Dextropropoxyphene,drug2gene,OPRK1
Dyphylline,drug2gene,PDE4B
Dyphylline,drug2gene,PDE4A
Dyphylline,drug2gene,PDE4C
Dyphylline,drug2gene,PDE4D
Dyphylline,drug2gene,ADORA1
Dyphylline,drug2gene,ADORA2A
Pentazocine,drug2gene,OPRM1
Magnesium sulfate,drug2gene,CACNA1C
Trazodone,drug2gene,HTR2A
Trazodone,drug2gene,SLC6A4
Trazodone,drug2gene,HTR1A
Mecamylamine,drug2gene,CHRNA2
Acamprosate,drug2gene,GRIN1
Acamprosate,drug2gene,GRM5
Acamprosate,drug2gene,GABBR1
Verapamil,drug2gene,CACNA1C
Nilutamide,drug2gene,AR
Pirenzepine,drug2gene,CHRM1
Chlorpropamide,drug2gene,ABCC8
Aprepitant,drug2gene,TACR1
Galantamine,drug2gene,ACHE
Tamoxifen,drug2gene,ESR1
Tamoxifen,drug2gene,ESR2
Tamoxifen,drug2gene,PRKCA
Isoflurophate,drug2gene,ACHE
Isoflurophate,drug2gene,BCHE
Losartan,drug2gene,AGTR1
Thioridazine,drug2gene,DRD2
Thioridazine,drug2gene,DRD1
Thioridazine,drug2gene,ADRA1A
Thioridazine,drug2gene,ADRA1B
Thioridazine,drug2gene,HTR2A
Moricizine,drug2gene,SCN5A
Warfarin,drug2gene,VKORC1
Pentosan polysulfate,drug2gene,FGF2
Pentosan polysulfate,drug2gene,FGF1
Mycophenolate mofetil,drug2gene,IMPDH1
Mycophenolate mofetil,drug2gene,IMPDH2
Moexipril,drug2gene,ACE
Phentolamine,drug2gene,ADRA1A
Phentolamine,drug2gene,ADRA2A
Daunorubicin,drug2gene,TOP2A
Daunorubicin,drug2gene,TOP2B
Furosemide,drug2gene,SLC12A1
Nicergoline,drug2gene,ADRA1A
Eplerenone,drug2gene,NR3C2
Methazolamide,drug2gene,CA1
Methazolamide,drug2gene,CA4
Methazolamide,drug2gene,CA2
Methazolamide,drug2gene,CA7
Naltrexone,drug2gene,OPRM1
Naltrexone,drug2gene,OPRK1
Naltrexone,drug2gene,OPRD1
Tamsulosin,drug2gene,ADRA1A
Ibandronate,drug2gene,GGPS1
Ibandronate,drug2gene,FDPS
Diethylcarbamazine,drug2gene,ALOX5
Flurbiprofen,drug2gene,PTGS2
Paroxetine,drug2gene,SLC6A4
Nedocromil,drug2gene,CYSLTR1
Nedocromil,drug2gene,CYSLTR2
Azatadine,drug2gene,HRH1
Clodronic acid,drug2gene,SLC25A4
Clodronic acid,drug2gene,SLC25A5
Clodronic acid,drug2gene,SLC25A6
Procaine,drug2gene,SCN10A
Procaine,drug2gene,GRIN3A
Procaine,drug2gene,HTR3A
Procaine,drug2gene,SLC6A3
Lisinopril,drug2gene,ACE
Homatropine methylbromide,drug2gene,CHRM2
Homatropine methylbromide,drug2gene,CHRM1
Homatropine methylbromide,drug2gene,CHRM4
Homatropine methylbromide,drug2gene,CHRM5
Homatropine methylbromide,drug2gene,CHRM3
Trimipramine,drug2gene,SLC6A4
Trimipramine,drug2gene,SLC6A2
Rocuronium,drug2gene,CHRNA2
Rocuronium,drug2gene,CHRM2
Nateglinide,drug2gene,ABCC8
Atracurium besylate,drug2gene,CHRNA2
Risperidone,drug2gene,HTR2A
Risperidone,drug2gene,DRD2
Naftifine,drug2gene,SQLE
Esomeprazole,drug2gene,ATP4A
Meclizine,drug2gene,HRH1
Riluzole,drug2gene,SCN5A
Zileuton,drug2gene,ALOX5
Modafinil,drug2gene,SLC6A3
Scopolamine,drug2gene,CHRM1
Scopolamine,drug2gene,CHRM2
Scopolamine,drug2gene,CHRM3
Scopolamine,drug2gene,CHRM4
Scopolamine,drug2gene,CHRM5
Carbinoxamine,drug2gene,HRH1
Etodolac,drug2gene,PTGS2
Prilocaine,drug2gene,SCN5A
Epinastine,drug2gene,HRH1
Epinastine,drug2gene,HRH2
Tranylcypromine,drug2gene,MAOB
Tranylcypromine,drug2gene,MAOA
Isoflurane,drug2gene,ATP2C1
Isoflurane,drug2gene,GRIA1
Ethotoin,drug2gene,SCN5A
Hexachlorophene,drug2gene,SDHD
Dolasetron,drug2gene,HTR3A
Clopidogrel,drug2gene,P2RY12
Irinotecan,drug2gene,TOP1MT
Irinotecan,drug2gene,TOP1
Methimazole,drug2gene,TPO
Olopatadine,drug2gene,HRH1
Clidinium,drug2gene,CHRM1
Malathion,drug2gene,BCHE
Etoposide,drug2gene,TOP2A
Hydroflumethiazide,drug2gene,SLC12A1
Tirofiban,drug2gene,ITGA2B
Tirofiban,drug2gene,ITGB3
Propiomazine,drug2gene,HRH1
Phenelzine,drug2gene,MAOA
Phenelzine,drug2gene,MAOB
Propantheline,drug2gene,CHRM1
Mefenamic acid,drug2gene,PTGS2
Cryptenamine,drug2gene,CHRM2
Naproxen,drug2gene,PTGS1
Naproxen,drug2gene,PTGS2
Perindopril,drug2gene,ACE
Tripelennamine,drug2gene,HRH1
Sulfasalazine,drug2gene,ALOX5
Sulfasalazine,drug2gene,PTGS2
Sulfasalazine,drug2gene,PTGS1
Sulfasalazine,drug2gene,ACAT1
Sulfasalazine,drug2gene,PLA2G1B
Candesartan cilexetil,drug2gene,AGTR1
Tolazoline,drug2gene,ADRA1A
Dicyclomine,drug2gene,CHRM1
Minaprine,drug2gene,MAOA
Minaprine,drug2gene,HTR2B
Minaprine,drug2gene,HTR2A
Minaprine,drug2gene,HTR2C
Minaprine,drug2gene,ACHE
Proparacaine,drug2gene,SCN10A
Indapamide,drug2gene,SLC12A3
Tropicamide,drug2gene,CHRM4
Tropicamide,drug2gene,CHRM1
Tropicamide,drug2gene,CHRM2
Biperiden,drug2gene,CHRM1
Ribavirin,drug2gene,IMPDH1
Phenylbutazone,drug2gene,PTGS1
Phenylbutazone,drug2gene,PTGS2
Phenylbutazone,drug2gene,PTGIS
Meloxicam,drug2gene,PTGS2
Acetazolamide,drug2gene,CA1
Acetazolamide,drug2gene,CA2
Acetazolamide,drug2gene,CA4
Acetazolamide,drug2gene,CA12
Acetazolamide,drug2gene,CA14
Acetazolamide,drug2gene,CA3
Acetazolamide,drug2gene,CA7
Tadalafil,drug2gene,PDE5A
Carprofen,drug2gene,PTGS2
Disulfiram,drug2gene,DBH
Disulfiram,drug2gene,ALDH2
Enprofylline,drug2gene,PDE4B
Enprofylline,drug2gene,ADORA2B
Enprofylline,drug2gene,PDE4A
Levomenthol,drug2gene,CACNA1C
Phenmetrazine,drug2gene,SLC6A2
Phenmetrazine,drug2gene,SLC6A3
Trifluoperazine,drug2gene,DRD2
Trifluoperazine,drug2gene,CALY
Trifluoperazine,drug2gene,ADRA1A
Mifepristone,drug2gene,PGR
Mifepristone,drug2gene,NR3C1
Brompheniramine,drug2gene,HRH1
Donepezil,drug2gene,ACHE
Nalbuphine,drug2gene,OPRM1
Nalbuphine,drug2gene,OPRD1
Perphenazine,drug2gene,DRD2
Perphenazine,drug2gene,DRD1
Pseudoephedrine,drug2gene,SLC6A2
Pseudoephedrine,drug2gene,SLC6A3
Pseudoephedrine,drug2gene,SLC6A4
Diflunisal,drug2gene,PTGS2
Vardenafil,drug2gene,PDE5A
Ranitidine,drug2gene,HRH2
Tacrolimus,drug2gene,FKBP1A
Dorzolamide,drug2gene,CA2
Dorzolamide,drug2gene,CA4
Dorzolamide,drug2gene,CA1
Suprofen,drug2gene,PTGS1
Suprofen,drug2gene,PTGS2
Conivaptan,drug2gene,AVPR1A
Conivaptan,drug2gene,AVPR2
Flupentixol,drug2gene,DRD2
Flupentixol,drug2gene,DRD1
Flupentixol,drug2gene,HTR2A
Eprosartan,drug2gene,AGTR1
Sirolimus,drug2gene,MTOR
Chlorothiazide,drug2gene,SLC12A3
Chlorothiazide,drug2gene,CA1
Chlorothiazide,drug2gene,CA2
Quinapril,drug2gene,ACE
Clomifene,drug2gene,ESR1
Risedronic acid,drug2gene,FDPS
Bumetanide,drug2gene,SLC12A1
Bumetanide,drug2gene,SLC12A2
Bumetanide,drug2gene,SLC12A4
Bumetanide,drug2gene,SLC12A5
Granisetron,drug2gene,HTR3A
Oxybuprocaine,drug2gene,SCN10A
Testolactone,drug2gene,CYP19A1
Ethanol,drug2gene,GRIN3A
Methdilazine,drug2gene,HRH1
Etacrynic acid,drug2gene,SLC12A1
Etacrynic acid,drug2gene,ATP1A1
Ondansetron,drug2gene,HTR3A
Tiagabine,drug2gene,SLC6A1
Cocaine,drug2gene,SLC6A3
Cocaine,drug2gene,SLC6A2
Cocaine,drug2gene,SCN1A
Cocaine,drug2gene,SLC6A4
Quinidine,drug2gene,SCN5A
Zonisamide,drug2gene,SCN1A
Zonisamide,drug2gene,SCN2A
Zonisamide,drug2gene,SCN3A
Zonisamide,drug2gene,SCN4A
Zonisamide,drug2gene,SCN5A
Zonisamide,drug2gene,SCN9A
Zonisamide,drug2gene,SCN11A
Zonisamide,drug2gene,SCN1B
Zonisamide,drug2gene,SCN2B
Zonisamide,drug2gene,SCN3B
Zonisamide,drug2gene,SCN4B
Zonisamide,drug2gene,CACNA1G
Zonisamide,drug2gene,CACNA1H
Zonisamide,drug2gene,CACNA1I
Repaglinide,drug2gene,ABCC8
Repaglinide,drug2gene,HRH1
Amantadine,drug2gene,GRIN3A
Ketotifen,drug2gene,HRH1
Buprenorphine,drug2gene,OPRK1
Cyclobenzaprine,drug2gene,HTR2A
Phenoxybenzamine,drug2gene,ADRA1A
Phenoxybenzamine,drug2gene,ADRA2A
Famotidine,drug2gene,HRH2
Azacitidine,drug2gene,DNMT1
Mesoridazine,drug2gene,DRD2
Mesoridazine,drug2gene,HTR2A
Maprotiline,drug2gene,SLC6A2
Salicylic acid,drug2gene,PTGS1
Salicylic acid,drug2gene,PTGS2
Diethylpropion,drug2gene,SLC6A2
Diethylpropion,drug2gene,SLC6A3
Meclofenamic acid,drug2gene,PTGS1
Meclofenamic acid,drug2gene,PTGS2
Meclofenamic acid,drug2gene,ALOX5
Methantheline,drug2gene,HRH2
Hexafluronium,drug2gene,BCHE
Cycrimine,drug2gene,CHRM1
Demecarium,drug2gene,ACHE
Acetylsalicylic acid,drug2gene,PTGS1
Acetylsalicylic acid,drug2gene,PTGS2
Phenprocoumon,drug2gene,VKORC1
Fulvestrant,drug2gene,ESR1
Felbamate,drug2gene,GRIN2B
Felbamate,drug2gene,GRIN2A
Fexofenadine,drug2gene,HRH1
Mepivacaine,drug2gene,SCN10A
Bromfenac,drug2gene,PTGS2
Telmisartan,drug2gene,AGTR1
Desloratadine,drug2gene,HRH1
Methyldopa,drug2gene,DDC
Alosetron,drug2gene,HTR3A
Azelastine,drug2gene,HRH1
Ezetimibe,drug2gene,NPC1L1
Ezetimibe,drug2gene,SOAT1
Dipyridamole,drug2gene,PDE10A
Dipyridamole,drug2gene,PDE5A
Dipyridamole,drug2gene,PDE4A
Dipyridamole,drug2gene,ADA
Cyclopentolate,drug2gene,CHRM1
Physostigmine,drug2gene,ACHE
Dimenhydrinate,drug2gene,HRH1
Glycopyrronium,drug2gene,CHRM1
Glycopyrronium,drug2gene,CHRM3
Glycopyrronium,drug2gene,CHRM2
Glycopyrronium,drug2gene,CHRM4
Cytarabine,drug2gene,POLB
Rivastigmine,drug2gene,ACHE
Rivastigmine,drug2gene,BCHE
Exemestane,drug2gene,CYP19A1
Oxaprozin,drug2gene,PTGS1
Oxaprozin,drug2gene,PTGS2
Auranofin,drug2gene,PRDX5
Auranofin,drug2gene,IKBKB
Gabapentin,drug2gene,CACNA2D1
Doxorubicin,drug2gene,TOP2A
Doxorubicin,drug2gene,TOP1
Doxorubicin,drug2gene,TOP2B
Hydrochlorothiazide,drug2gene,SLC12A3
Hydrochlorothiazide,drug2gene,KCNMA1
Levobupivacaine,drug2gene,SCN10A
Hydroxyurea,drug2gene,RRM1
Letrozole,drug2gene,CYP19A1
Ketoprofen,drug2gene,PTGS2
Edrophonium,drug2gene,BCHE
Edrophonium,drug2gene,ACHE
Metyrapone,drug2gene,CYP11B1
Balsalazide,drug2gene,PTGS2
Balsalazide,drug2gene,PTGS1
Balsalazide,drug2gene,ALOX5
Trichlormethiazide,drug2gene,SLC12A3
Trichlormethiazide,drug2gene,ATP1A1
Felodipine,drug2gene,CACNA1C
Felodipine,drug2gene,CACNA2D1
Felodipine,drug2gene,CACNB2
Felodipine,drug2gene,CACNA1D
Felodipine,drug2gene,CACNA1S
Mycophenolic acid,drug2gene,IMPDH2
Mycophenolic acid,drug2gene,IMPDH1
Ketoconazole,drug2gene,CYP17A1
Methoxyflurane,drug2gene,GRIA1
Irbesartan,drug2gene,AGTR1
Topotecan,drug2gene,TOP1
Ethinamate,drug2gene,CA2
Ethinamate,drug2gene,CA1
Probenecid,drug2gene,SLC22A6
Probenecid,drug2gene,SLC22A11
Probenecid,drug2gene,SLC22A8
Mercaptopurine,drug2gene,HPRT1
Tolterodine,drug2gene,CHRM3
Tolterodine,drug2gene,CHRM2
Tolterodine,drug2gene,CHRM5
Tolterodine,drug2gene,CHRM1
Tolterodine,drug2gene,CHRM4
Selegiline,drug2gene,MAOB
Thalidomide,drug2gene,CRBN
Memantine,drug2gene,GRIN1
Ergoloid mesylate,drug2gene,DRD1
Ergoloid mesylate,drug2gene,ADRA1A
Ergoloid mesylate,drug2gene,ADRB1
Ergoloid mesylate,drug2gene,HTR1A
Ibuprofen,drug2gene,PTGS2
Ibuprofen,drug2gene,PTGS1
Nitrendipine,drug2gene,CACNA1C
Nitrendipine,drug2gene,CACNA2D1
Nitrendipine,drug2gene,CACNB2
Nitrendipine,drug2gene,CACNA1D
Nitrendipine,drug2gene,CACNA1S
Tocainide,drug2gene,SCN5A
Echothiophate,drug2gene,BCHE
Oxybutynin,drug2gene,CHRM3
Oxybutynin,drug2gene,CHRM2
Oxybutynin,drug2gene,CHRM1
Acetophenazine,drug2gene,DRD2
Glipizide,drug2gene,ABCC8
Promethazine,drug2gene,HRH1
Fludarabine,drug2gene,POLA1
Fludarabine,drug2gene,RRM1
Perhexiline,drug2gene,CPT1A
Perhexiline,drug2gene,CPT2
Diphenhydramine,drug2gene,HRH1
Atorvastatin,drug2gene,HMGCR
Deslanoside,drug2gene,ATP1A1
Tegaserod,drug2gene,HTR4
Vigabatrin,drug2gene,ABAT
Orlistat,drug2gene,PNLIP
Orlistat,drug2gene,LIPF
Emedastine,drug2gene,HRH1
Benzocaine,drug2gene,SCN10A
Deserpidine,drug2gene,SLC18A2
Pentolinium,drug2gene,CHRNA3
Pentolinium,drug2gene,CHRNB4
Pentolinium,drug2gene,CHRNA10
Butenafine,drug2gene,SQLE
Ouabain,drug2gene,ATP1A1
Fluvastatin,drug2gene,HMGCR
Leflunomide,drug2gene,DHODH
Rosuvastatin,drug2gene,HMGCR
Pimozide,drug2gene,DRD2
Pimozide,drug2gene,DRD3
Pimozide,drug2gene,KCNH2
Capecitabine,drug2gene,TYMS
Sertraline,drug2gene,SLC6A4
Sibutramine,drug2gene,SLC6A3
Sibutramine,drug2gene,SLC6A4
Sibutramine,drug2gene,SLC6A2
Levocabastine,drug2gene,HRH1
Trilostane,drug2gene,HSD3B1
Trilostane,drug2gene,HSD3B2
Heparin,drug2gene,F10
Papaverine,drug2gene,PDE4B
Chlorpheniramine,drug2gene,HRH1
Nifedipine,drug2gene,CACNA1C
Nifedipine,drug2gene,CACNA1D
Nifedipine,drug2gene,CACNB2
Trimethaphan,drug2gene,CHRNA10
Amiodarone,drug2gene,KCNH2
Amiodarone,drug2gene,ADRB1
Diazoxide,drug2gene,CA1
Diazoxide,drug2gene,CA2
Phenacemide,drug2gene,SCN1A
Ambenonium,drug2gene,ACHE
Tolbutamide,drug2gene,ABCC8
Anisindione,drug2gene,GGCX
Dutasteride,drug2gene,SRD5A1
Dutasteride,drug2gene,SRD5A2
Bicalutamide,drug2gene,AR
Rabeprazole,drug2gene,ATP4A
Proguanil,drug2gene,DHFR
Doxacurium,drug2gene,CHRNA2
Carvedilol,drug2gene,ADRB1
Carvedilol,drug2gene,ADRA1A
Sulfinpyrazone,drug2gene,SLC22A12
Sulfinpyrazone,drug2gene,ABCC1
Sulfinpyrazone,drug2gene,ABCC2
Doxepin,drug2gene,HRH1
Doxepin,drug2gene,HRH2
Doxepin,drug2gene,SLC6A2
Doxepin,drug2gene,SLC6A4
Diclofenamide,drug2gene,CA2
Diclofenamide,drug2gene,CA1
Diclofenamide,drug2gene,CA4
Diclofenamide,drug2gene,CA7
Diphenylpyraline,drug2gene,HRH1
Flavoxate,drug2gene,CHRM1
Flavoxate,drug2gene,CHRM2
Nefazodone,drug2gene,HTR2A
Nefazodone,drug2gene,HTR2C
Nefazodone,drug2gene,SLC6A4
Nefazodone,drug2gene,HTR1A
Nefazodone,drug2gene,SLC6A2
Desipramine,drug2gene,SLC6A2
Desipramine,drug2gene,SLC6A4
Desipramine,drug2gene,HTR2A
Thiamylal,drug2gene,KCNJ8
Thiamylal,drug2gene,KCNJ11
Bupropion,drug2gene,SLC6A3
Bupropion,drug2gene,SLC6A2
Trimetrexate,drug2gene,DHFR
Bretylium,drug2gene,ATP1A1
Halothane,drug2gene,ATP2B1
Chloroprocaine,drug2gene,SCN1A
Terazosin,drug2gene,ADRA1A
Terazosin,drug2gene,ADRA1B
Terazosin,drug2gene,ADRA1D
Cilostazol,drug2gene,PDE3A
Itraconazole,drug2gene,CYP51A1
Procarbazine,drug2gene,MAOA
Arsenic trioxide,drug2gene,TXNRD1
Arsenic trioxide,drug2gene,CCND1
Moclobemide,drug2gene,MAOA
Orphenadrine,drug2gene,GRIN2D
Orphenadrine,drug2gene,GRIN1
Orphenadrine,drug2gene,GRIN3B
Orphenadrine,drug2gene,GRIN3A
Orphenadrine,drug2gene,HRH1
Orphenadrine,drug2gene,SLC6A2
Escitalopram,drug2gene,SLC6A4
Cyclizine,drug2gene,HRH1
Idarubicin,drug2gene,TOP2A
Podofilox,drug2gene,TUBA4A
Podofilox,drug2gene,TUBB
Podofilox,drug2gene,TOP2A
Rescinnamine,drug2gene,ACE
Propafenone,drug2gene,SCN5A
Propafenone,drug2gene,KCNH2
Naloxone,drug2gene,OPRM1
Naloxone,drug2gene,OPRD1
Naloxone,drug2gene,OPRK1
Domperidone,drug2gene,DRD3
Domperidone,drug2gene,DRD2
Fluoxymesterone,drug2gene,ESR1
Desflurane,drug2gene,GRIA1
Desflurane,drug2gene,MT-ND1
Desflurane,drug2gene,ATP2C1
Dexfenfluramine,drug2gene,SLC6A4
Brinzolamide,drug2gene,CA2
Flecainide,drug2gene,SCN4A
Flecainide,drug2gene,SCN5A
Estramustine,drug2gene,MAP2
Estramustine,drug2gene,MAP1A
Captopril,drug2gene,ACE
Tubocurarine,drug2gene,CHRNA2
Tubocurarine,drug2gene,HTR3A
Levetiracetam,drug2gene,CACNA1B
Nadolol,drug2gene,ADRB1
Mitoxantrone,drug2gene,TOP2A
Flumazenil,drug2gene,GABRG2
Flumazenil,drug2gene,GABRA5
Flumazenil,drug2gene,GABRA1
Sparfloxacin,drug2gene,TOP2A
Dezocine,drug2gene,OPRK1
Levobunolol,drug2gene,ADRB1
Levobunolol,drug2gene,ADRB2
Fomepizole,drug2gene,ADH1A
Fomepizole,drug2gene,ADH1B
Fomepizole,drug2gene,ADH1C
Fomepizole,drug2gene,CAT
Metipranolol,drug2gene,ADRB1
Metipranolol,drug2gene,ADRB2
Finasteride,drug2gene,SRD5A2
Anastrozole,drug2gene,CYP19A1
Halofantrine,drug2gene,KCNH2
Dantrolene,drug2gene,RYR1
Ketamine,drug2gene,GRIN3A
Ketamine,drug2gene,CHRNA7
Ketamine,drug2gene,BCHE
Ketamine,drug2gene,NOS1
Aminophylline,drug2gene,PDE3A
Aminophylline,drug2gene,ADORA1
Aminophylline,drug2gene,ADORA3
Quetiapine,drug2gene,HTR2A
Quetiapine,drug2gene,DRD2
Enoxaparin,drug2gene,F10
Mivacurium,drug2gene,CHRNA2
Encainide,drug2gene,SCN5A
Paclitaxel,drug2gene,TUBB1
Paclitaxel,drug2gene,BCL2
Diphenidol,drug2gene,CHRM2
Diphenidol,drug2gene,CHRM1
Diphenidol,drug2gene,CHRM3
Metoclopramide,drug2gene,HTR3A
Metoclopramide,drug2gene,DRD2
Sevoflurane,drug2gene,GRIA1
Sevoflurane,drug2gene,ATP2C1
Bromodiphenhydramine,drug2gene,HRH1
Aripiprazole,drug2gene,DRD2
Aripiprazole,drug2gene,HTR2A
Chlorprothixene,drug2gene,DRD2
Chlorprothixene,drug2gene,DRD1
Chlorprothixene,drug2gene,DRD3
Chlorprothixene,drug2gene,HTR2A
Chlorprothixene,drug2gene,HRH1
Chlorprothixene,drug2gene,HTR1A
Clomipramine,drug2gene,SLC6A4
Clomipramine,drug2gene,HTR2A
Clomipramine,drug2gene,HTR2B
Clomipramine,drug2gene,HTR2C
Bepridil,drug2gene,CACNA1A
Bepridil,drug2gene,CACNA1H
Bepridil,drug2gene,CACNA2D2
Alimemazine,drug2gene,HRH1
Isocarboxazid,drug2gene,MAOA
Isocarboxazid,drug2gene,MAOB
Olsalazine,drug2gene,TPMT
Gliquidone,drug2gene,ABCC8
Gliquidone,drug2gene,KCNJ8
Dasatinib,drug2gene,EPHA2
Dasatinib,drug2gene,YES1
Lapatinib,drug2gene,EGFR
Lapatinib,drug2gene,ERBB2
Sitagliptin,drug2gene,DPP4
Decitabine,drug2gene,DNMT1
Paliperidone,drug2gene,HTR2A
Paliperidone,drug2gene,DRD2
Paliperidone,drug2gene,DRD4
Paliperidone,drug2gene,DRD3
Paliperidone,drug2gene,HTR2C
Sunitinib,drug2gene,PDGFRB
Sunitinib,drug2gene,FLT1
Sunitinib,drug2gene,KIT
Sunitinib,drug2gene,KDR
Sunitinib,drug2gene,FLT4
Sunitinib,drug2gene,FLT3
Sunitinib,drug2gene,CSF1R
Sunitinib,drug2gene,PDGFRA
Hydralazine,drug2gene,AOC3
Abatacept,drug2gene,CD80
Abatacept,drug2gene,CD86
Lumiracoxib,drug2gene,PTGS2
Lumiracoxib,drug2gene,PTGS1
Practolol,drug2gene,ADRB1
Oxtriphylline,drug2gene,PDE3A
Oxtriphylline,drug2gene,PDE4A
Oxtriphylline,drug2gene,ADORA2A
Oxtriphylline,drug2gene,ADORA1
Fosphenytoin,drug2gene,SCN5A
Polythiazide,drug2gene,SLC12A3
Quinethazone,drug2gene,SLC12A1
Quinethazone,drug2gene,SLC12A2
Quinethazone,drug2gene,SLC12A3
Quinethazone,drug2gene,CA1
Quinethazone,drug2gene,CA2
Metocurine,drug2gene,CHRNA2
Pancuronium,drug2gene,CHRNA2
Pipecuronium,drug2gene,CHRNA2
Vecuronium,drug2gene,CHRNA2
Cilazapril,drug2gene,ACE
Quinidine barbiturate,drug2gene,SCN5A
Spirapril,drug2gene,ACE
Penbutolol,drug2gene,ADRB1
Penbutolol,drug2gene,ADRB2
Penbutolol,drug2gene,HTR1A
Rasagiline,drug2gene,MAOB
Yohimbine,drug2gene,ADRA2A
Yohimbine,drug2gene,ADRA2B
Yohimbine,drug2gene,ADRA2C
Colchicine,drug2gene,TUBB
Drospirenone,drug2gene,NR3C2
Drospirenone,drug2gene,AR
Digitoxin,drug2gene,ATP1A1
Salsalate,drug2gene,PTGS2
Salsalate,drug2gene,PTGS1
Neostigmine,drug2gene,ACHE
Methotrimeprazine,drug2gene,DRD2
Tiotropium,drug2gene,CHRM3
Acenocoumarol,drug2gene,VKORC1
Ajmaline,drug2gene,SCN5A
Amrinone,drug2gene,PDE4A
Amrinone,drug2gene,PDE3A
Phenazopyridine,drug2gene,SCN1A
Metamfetamine,drug2gene,SLC18A2
Metamfetamine,drug2gene,SLC18A1
Metamfetamine,drug2gene,MAOA
Metamfetamine,drug2gene,MAOB
Oxprenolol,drug2gene,ADRB1
Everolimus,drug2gene,MTOR
Solifenacin,drug2gene,CHRM3
Cilastatin,drug2gene,DPEP1
Probucol,drug2gene,ABCA1
Tiaprofenic acid,drug2gene,PTGS1
Tiaprofenic acid,drug2gene,PTGS2
Periciazine,drug2gene,DRD1
Periciazine,drug2gene,ADRA2A
Hydroxychloroquine,drug2gene,TLR7
Hydroxychloroquine,drug2gene,TLR9
Alverine,drug2gene,HTR1A
Molindone,drug2gene,DRD2
Phenindamine,drug2gene,HRH1
Pipotiazine,drug2gene,DRD2
Pipotiazine,drug2gene,DRD1
Pipotiazine,drug2gene,HTR2A
Pipotiazine,drug2gene,HTR1A
Thiothixene,drug2gene,DRD2
Thiothixene,drug2gene,DRD1
Zuclopenthixol,drug2gene,DRD1
Zuclopenthixol,drug2gene,DRD5
Zuclopenthixol,drug2gene,DRD2
Isopropamide,drug2gene,CHRM3
Pargyline,drug2gene,MAOB
Etoricoxib,drug2gene,PTGS2
Roflumilast,drug2gene,PDE4A
Camphor,drug2gene,TRPA1
Taurine,drug2gene,GRIN2B
Vorinostat,drug2gene,HDAC1
Vorinostat,drug2gene,HDAC2
Vorinostat,drug2gene,HDAC3
Vorinostat,drug2gene,HDAC6
Dequalinium,drug2gene,XIAP
Citric acid,drug2gene,AKR1B1
Nimesulide,drug2gene,PTGS2
Rapacuronium,drug2gene,CHRM2
Maraviroc,drug2gene,CCR5
Clofedanol,drug2gene,HRH1
Cyproterone acetate,drug2gene,AR
Flunarizine,drug2gene,CACNA1G
Flunarizine,drug2gene,CACNA1H
Flunarizine,drug2gene,CACNA1I
Flunarizine,drug2gene,CALM1
Fluspirilene,drug2gene,DRD2
Mepenzolate,drug2gene,CHRM1
Mepenzolate,drug2gene,CHRM3
Tetrabenazine,drug2gene,SLC18A2
Ixabepilone,drug2gene,TUBB3
Celiprolol,drug2gene,ADRB1
Roxadustat,drug2gene,EGLN1
Roxadustat,drug2gene,EGLN2
Roxadustat,drug2gene,EGLN3
Febuxostat,drug2gene,XDH
Dronedarone,drug2gene,ADRA1A
Dronedarone,drug2gene,ADRA1B
Dronedarone,drug2gene,ADRA1D
Dronedarone,drug2gene,ADRA2A
Dronedarone,drug2gene,ADRA2B
Dronedarone,drug2gene,ADRA2C
Dronedarone,drug2gene,KCNH2
Dronedarone,drug2gene,CACNA1C
Dronedarone,drug2gene,CACNA1D
Dronedarone,drug2gene,CACNA1F
Dronedarone,drug2gene,CACNA1S
Dronedarone,drug2gene,CACNB1
Dronedarone,drug2gene,CACNB2
Dronedarone,drug2gene,CACNB3
Dronedarone,drug2gene,CACNB4
Dronedarone,drug2gene,KCNK2
Dronedarone,drug2gene,SCN5A
Dronedarone,drug2gene,KCNJ3
Dronedarone,drug2gene,KCNQ1
Dronedarone,drug2gene,KCNJ12
Dronedarone,drug2gene,SLC8A1
Dronedarone,drug2gene,KCND3
Nebivolol,drug2gene,ADRB1
Omacetaxine mepesuccinate,drug2gene,RPL3
Nilotinib,drug2gene,ABL1
Vildagliptin,drug2gene,DPP4
Enoximone,drug2gene,PDE3A
Bepotastine,drug2gene,HRH1
Pegaptanib,drug2gene,VEGFA
Milnacipran,drug2gene,SLC6A4
Milnacipran,drug2gene,SLC6A2
Ximelagatran,drug2gene,F2
Flibanserin,drug2gene,HTR2A
Flibanserin,drug2gene,DRD4
Permethrin,drug2gene,SCN1A
Ospemifene,drug2gene,ESR1
Crofelemer,drug2gene,ANO1
Crofelemer,drug2gene,CFTR
Iloperidone,drug2gene,HTR2A
Iloperidone,drug2gene,DRD2
Belinostat,drug2gene,HDAC1
Cobimetinib,drug2gene,MAP2K1
Methsuximide,drug2gene,CACNA1G
Gallium nitrate,drug2gene,RRM2
Gallium nitrate,drug2gene,ATP6V1B2
Gallium nitrate,drug2gene,BGLAP
Gallium nitrate,drug2gene,IL1B
Ecallantide,drug2gene,KLKB1
Dexlansoprazole,drug2gene,ATP4B
Dexlansoprazole,drug2gene,ATP4A
Brivaracetam,drug2gene,SCN1A
Ramucirumab,drug2gene,KDR
Sodium stibogluconate,drug2gene,TOP1
Levoketoconazole,drug2gene,CYP17A1
Levoketoconazole,drug2gene,CYP11B1
Levoketoconazole,drug2gene,CYP11B2
Levoketoconazole,drug2gene,CYP11A1
Apremilast,drug2gene,PDE4
Ustekinumab,drug2gene,IL12B
Thrombomodulin Alfa,drug2gene,F2
Abiraterone,drug2gene,CYP17A1
Olaratumab,drug2gene,PDGFRA
Lumateperone,drug2gene,SLC6A4
Lumateperone,drug2gene,HTR2A
Tirbanibulin,drug2gene,TUBB
Tirbanibulin,drug2gene,SRC
Sertindole,drug2gene,DRD2
Sertindole,drug2gene,HTR2A
Sertindole,drug2gene,HTR2C
Sertindole,drug2gene,HTR6
Rimonabant,drug2gene,CNR1
Romidepsin,drug2gene,HDAC1
Romidepsin,drug2gene,HDAC2
Ipilimumab,drug2gene,CTLA4
Icatibant,drug2gene,BDKRB2
Lasofoxifene,drug2gene,ESR1
Alogliptin,drug2gene,DPP4
Tapentadol,drug2gene,SLC6A2
Silodosin,drug2gene,ADRA1A
Silodosin,drug2gene,ADRA1D
Silodosin,drug2gene,ADRA1B
Prasugrel,drug2gene,P2RY12
Tolvaptan,drug2gene,AVPR2
Asenapine,drug2gene,HTR2A
Asenapine,drug2gene,DRD2
Rivaroxaban,drug2gene,F10
Nalmefene,drug2gene,OPRD1
Nalmefene,drug2gene,OPRM1
Avanafil,drug2gene,PDE5A
Eflornithine,drug2gene,ODC1
Udenafil,drug2gene,PDE5A
Sitaxentan,drug2gene,EDNRA
Tocilizumab,drug2gene,IL6R
Alvimopan,drug2gene,OPRM1
Levocetirizine,drug2gene,HRH1
Ziconotide,drug2gene,CACNA1B
Temsirolimus,drug2gene,MTOR
Amisulpride,drug2gene,HTR7
Amisulpride,drug2gene,HTR2A
Amisulpride,drug2gene,DRD2
Amisulpride,drug2gene,DRD3
Dapagliflozin,drug2gene,SLC5A2
Saxagliptin,drug2gene,DPP4
Bazedoxifene,drug2gene,ESR1
Ambrisentan,drug2gene,EDNRA
Human C1-esterase inhibitor,drug2gene,C1R
Human C1-esterase inhibitor,drug2gene,C1S
Human C1-esterase inhibitor,drug2gene,KLKB1
Human C1-esterase inhibitor,drug2gene,F12
Human C1-esterase inhibitor,drug2gene,F11
Human C1-esterase inhibitor,drug2gene,PLAT
Armodafinil,drug2gene,SLC6A3
Tyloxapol,drug2gene,LPL
Cangrelor,drug2gene,P2RY12
Lonafarnib,drug2gene,FNTA
Lonafarnib,drug2gene,FNTB
Pazopanib,drug2gene,FLT1
Pazopanib,drug2gene,KDR
Pazopanib,drug2gene,PDGFRA
Pazopanib,drug2gene,PDGFRB
Pazopanib,drug2gene,KIT
Agomelatine,drug2gene,HTR2C
Midostaurin,drug2gene,PRKCA
Midostaurin,drug2gene,KDR
Midostaurin,drug2gene,PDGFRA
Midostaurin,drug2gene,PDGFRB
Midostaurin,drug2gene,FLT3
Reslizumab,drug2gene,IL5
Panobinostat,drug2gene,HDAC1
Apixaban,drug2gene,F10
Mepolizumab,drug2gene,IL5
Bosutinib,drug2gene,BCR
Bosutinib,drug2gene,ABL1
Axitinib,drug2gene,FLT1
Axitinib,drug2gene,KDR
Axitinib,drug2gene,FLT4
Dalfampridine,drug2gene,KCNA1
Dalfampridine,drug2gene,KCNA2
Dalfampridine,drug2gene,KCNA3
Dalfampridine,drug2gene,KCNA4
Dalfampridine,drug2gene,KCNA5
Dalfampridine,drug2gene,KCNA6
Dalfampridine,drug2gene,KCNA7
Dalfampridine,drug2gene,KCNA10
Dalfampridine,drug2gene,KCNB1
Dalfampridine,drug2gene,KCNB2
Dalfampridine,drug2gene,KCNC1
Dalfampridine,drug2gene,KCNC2
Dalfampridine,drug2gene,KCNC3
Dalfampridine,drug2gene,KCND1
Dalfampridine,drug2gene,KCND2
Dalfampridine,drug2gene,KCND3
Safinamide,drug2gene,MAOB
Belatacept,drug2gene,CD86
Belatacept,drug2gene,CD80
Vilazodone,drug2gene,SLC6A4
Mepyramine,drug2gene,HRH1
Dabigatran etexilate,drug2gene,F2
Betahistine,drug2gene,HRH3
Degarelix,drug2gene,GNRHR
Desvenlafaxine,drug2gene,SLC6A2
Desvenlafaxine,drug2gene,SLC6A4
Dexmethylphenidate,drug2gene,SLC6A3
Dexmethylphenidate,drug2gene,SLC6A2
Fesoterodine,drug2gene,CHRM3
Isometheptene,drug2gene,SLC18A2
Nilvadipine,drug2gene,CACNA1C
Nilvadipine,drug2gene,CACNA2D1
Nilvadipine,drug2gene,CACNB2
Lornoxicam,drug2gene,PTGS1
Lornoxicam,drug2gene,PTGS2
Aceclofenac,drug2gene,PTGS2
Aceclofenac,drug2gene,PTGS1
Drotaverine,drug2gene,PDE4A
Dalteparin,drug2gene,VEGFA
Dalteparin,drug2gene,TFPI
Ganirelix,drug2gene,GNRHR
Hexocyclium,drug2gene,CHRM3
Methylnaltrexone,drug2gene,OPRM1
Plerixafor,drug2gene,CXCR4
Pralatrexate,drug2gene,DHFR
Parecoxib,drug2gene,PTGS2
Antazoline,drug2gene,HRH1
Dimetindene,drug2gene,HRH1
Dimetindene,drug2gene,CHRM2
Dichloroacetic acid,drug2gene,PDK1
Triflusal,drug2gene,PTGS1
Triflusal,drug2gene,NFKB1
Triflusal,drug2gene,PDE10A
Lurasidone,drug2gene,DRD2
Lurasidone,drug2gene,HTR2A
Ticagrelor,drug2gene,P2RY12
Hyaluronic acid,drug2gene,ICAM1
Azilsartan medoxomil,drug2gene,AGTR1
Lomitapide,drug2gene,MTTP
Vismodegib,drug2gene,SMO
Pitavastatin,drug2gene,HMGCR
Crizotinib,drug2gene,ALK
Crizotinib,drug2gene,MET
Crizotinib,drug2gene,ROS1
Crizotinib,drug2gene,MST1R
Ulipristal,drug2gene,NR3C1
Cabozantinib,drug2gene,MET
Cabozantinib,drug2gene,KDR
Cabozantinib,drug2gene,RET
Ruxolitinib,drug2gene,JAK2
Ruxolitinib,drug2gene,JAK1
Ruxolitinib,drug2gene,JAK3
Ruxolitinib,drug2gene,TYK2
Vemurafenib,drug2gene,BRAF
Linagliptin,drug2gene,DPP4
Perampanel,drug2gene,GRIA1
Carfilzomib,drug2gene,PSMB5
Carfilzomib,drug2gene,PSMB8
Carfilzomib,drug2gene,PSMB1
Carfilzomib,drug2gene,PSMB9
Carfilzomib,drug2gene,PSMB2
Carfilzomib,drug2gene,PSMB10
Tofacitinib,drug2gene,JAK1
Tofacitinib,drug2gene,JAK2
Tofacitinib,drug2gene,JAK3
Regorafenib,drug2gene,FLT1
Regorafenib,drug2gene,KDR
Regorafenib,drug2gene,FLT4
Regorafenib,drug2gene,KIT
Regorafenib,drug2gene,PDGFRA
Regorafenib,drug2gene,PDGFRB
Regorafenib,drug2gene,FGFR1
Regorafenib,drug2gene,FGFR2
Regorafenib,drug2gene,TEK
Regorafenib,drug2gene,DDR2
Regorafenib,drug2gene,NTRK1
Regorafenib,drug2gene,EPHA2
Regorafenib,drug2gene,RAF1
Regorafenib,drug2gene,BRAF
Regorafenib,drug2gene,MAPK11
Regorafenib,drug2gene,FRK
Regorafenib,drug2gene,ABL1
Regorafenib,drug2gene,RET
Aclidinium,drug2gene,CHRM1
Aclidinium,drug2gene,CHRM2
Aclidinium,drug2gene,CHRM3
Aclidinium,drug2gene,CHRM4
Aclidinium,drug2gene,CHRM5
Enzalutamide,drug2gene,AR
Ponatinib,drug2gene,ABL1
Ponatinib,drug2gene,BCR
Canagliflozin,drug2gene,SLC5A2
Pomalidomide,drug2gene,CRBN
Pomalidomide,drug2gene,TNF
Pomalidomide,drug2gene,PTGS2
Trametinib,drug2gene,MAP2K1
Trametinib,drug2gene,MAP2K2
Dabrafenib,drug2gene,BRAF
Dabrafenib,drug2gene,RAF1
Afatinib,drug2gene,EGFR
Afatinib,drug2gene,ERBB2
Afatinib,drug2gene,ERBB4
Levomilnacipran,drug2gene,SLC6A4
Levomilnacipran,drug2gene,SLC6A2
Macitentan,drug2gene,EDNRA
Chlorcyclizine,drug2gene,HRH1
Butriptyline,drug2gene,SLC6A4
Butriptyline,drug2gene,HRH1
Butriptyline,drug2gene,HTR2A
Aliskiren,drug2gene,REN
Secukinumab,drug2gene,IL17A
Vorapaxar,drug2gene,F2R
Suvorexant,drug2gene,HCRTR1
Suvorexant,drug2gene,HCRTR2
Nivolumab,drug2gene,PDCD1
Siltuximab,drug2gene,IL6
Pembrolizumab,drug2gene,PDCD1
Empagliflozin,drug2gene,SLC5A2
Eliglustat,drug2gene,UGCG
Finafloxacin,drug2gene,TOP2A
Netupitant,drug2gene,TACR1
Naloxegol,drug2gene,OPRM1
Ibrutinib,drug2gene,BTK
Idelalisib,drug2gene,PIK3CD
Atosiban,drug2gene,OXTR
Cannabidiol,drug2gene,CNR1
Ceritinib,drug2gene,ALK
Cobicistat,drug2gene,CYP3A4
Vortioxetine,drug2gene,SLC6A4
Vortioxetine,drug2gene,HTR3A
Vortioxetine,drug2gene,HTR7
Tibolone,drug2gene,ESR1
Palbociclib,drug2gene,CDK4
Palbociclib,drug2gene,CDK6
Olaparib,drug2gene,PARP1
Olaparib,drug2gene,PARP2
Olaparib,drug2gene,PARP3
Edoxaban,drug2gene,F10
Umeclidinium,drug2gene,CHRM2
Umeclidinium,drug2gene,CHRM3
Lenvatinib,drug2gene,FLT1
Lenvatinib,drug2gene,KDR
Lenvatinib,drug2gene,FLT4
Lenvatinib,drug2gene,FGFR1
Lenvatinib,drug2gene,FGFR2
Lenvatinib,drug2gene,FGFR3
Lenvatinib,drug2gene,FGFR4
Lenvatinib,drug2gene,PDGFRA
Lenvatinib,drug2gene,RET
Lenvatinib,drug2gene,KIT
Nintedanib,drug2gene,FLT1
Nintedanib,drug2gene,KDR
Nintedanib,drug2gene,FLT4
Nintedanib,drug2gene,PDGFRA
Nintedanib,drug2gene,PDGFRB
Nintedanib,drug2gene,FGFR1
Nintedanib,drug2gene,FGFR2
Nintedanib,drug2gene,FGFR3
Trimebutine,drug2gene,CACNA1C
Trimebutine,drug2gene,KCNMA1
Trimebutine,drug2gene,CHRM1
Trimebutine,drug2gene,CHRM2
Trimebutine,drug2gene,CHRM3
Trimebutine,drug2gene,CHRM4
Pinaverium,drug2gene,CACNA1S
Calcium carbimide,drug2gene,ALDH3B2
Stiripentol,drug2gene,LDHA
Stiripentol,drug2gene,LDHB
Eslicarbazepine acetate,drug2gene,P2RX4
Dienogest,drug2gene,AR
Brexpiprazole,drug2gene,HTR2A
Brexpiprazole,drug2gene,ADRA2C
Brexpiprazole,drug2gene,ADRA1B
Dosulepin,drug2gene,HTR1A
Dosulepin,drug2gene,HTR2A
Dosulepin,drug2gene,HRH1
Dosulepin,drug2gene,CHRM1
Dosulepin,drug2gene,CHRM2
Dosulepin,drug2gene,CHRM3
Dosulepin,drug2gene,CHRM4
Dosulepin,drug2gene,CHRM5
Dosulepin,drug2gene,ADRA2A
Dosulepin,drug2gene,ADRA1A
Dosulepin,drug2gene,SLC6A2
Dosulepin,drug2gene,SLC6A4
Viloxazine,drug2gene,SLC6A2
Viloxazine,drug2gene,HTR2B
Lorpiprazole,drug2gene,HTR2A
Lorpiprazole,drug2gene,HTR2C
Lorpiprazole,drug2gene,ADRA1A
Lorpiprazole,drug2gene,ADRA2A
Lorpiprazole,drug2gene,HRH1
Lorpiprazole,drug2gene,SLC6A4
Moxisylyte,drug2gene,ADRA1A
Pholcodine,drug2gene,OPRM1
Pholcodine,drug2gene,OPRK1
Loxoprofen,drug2gene,PTGS2
Loxoprofen,drug2gene,PTGS1
Dexibuprofen,drug2gene,PTGS2
Tolfenamic acid,drug2gene,PTGS1
Tolfenamic acid,drug2gene,PTGS2
Zotepine,drug2gene,DRD1
Zotepine,drug2gene,DRD2
Zotepine,drug2gene,HTR2A
Zotepine,drug2gene,HTR7
Zotepine,drug2gene,SLC6A2
Zotepine,drug2gene,SLC6A4
Conestat alfa,drug2gene,C1R
Conestat alfa,drug2gene,C1S
Conestat alfa,drug2gene,KLKB1
Conestat alfa,drug2gene,F12
Conestat alfa,drug2gene,F2
Conestat alfa,drug2gene,F11
Conestat alfa,drug2gene,PLAT
Lacidipine,drug2gene,CACNA1C
Manidipine,drug2gene,CACNA1G
Methylene blue,drug2gene,GUCY1A2
Methylene blue,drug2gene,NOS1
Tegafur,drug2gene,TYMS
Bemiparin,drug2gene,F10
Eluxadoline,drug2gene,OPRD1
Rolapitant,drug2gene,TACR1
Sacubitril,drug2gene,MME
Butylscopolamine,drug2gene,CHRM3
Alirocumab,drug2gene,PCSK9
Evolocumab,drug2gene,PCSK9
Tegafur-uracil,drug2gene,DPYD
Tegafur-uracil,drug2gene,TYMS
Osimertinib,drug2gene,EGFR
Iopodic acid,drug2gene,DIO3
Tipiracil,drug2gene,TYMP
Levobetaxolol,drug2gene,ADRB1
Norgestrel,drug2gene,SRD5A1
Potassium perchlorate,drug2gene,SLC5A5
Sodium sulfate,drug2gene,CA2
Sodium sulfate,drug2gene,CA1
Enalaprilat,drug2gene,ACE
Acrivastine,drug2gene,HRH1
Hydroquinone,drug2gene,TYR
Thonzonium,drug2gene,ATP6V1C1
Dexchlorpheniramine maleate,drug2gene,HRH1
Necitumumab,drug2gene,EGFR
Omega-3-carboxylic acids,drug2gene,DGAT2
Trolamine salicylate,drug2gene,PTGS1
Trolamine salicylate,drug2gene,PTGS2
Racepinephrine,drug2gene,ADRA1D
Butamben,drug2gene,CACNG1
Butamben,drug2gene,KCNJ1
Anthralin,drug2gene,KRT2
Anthralin,drug2gene,KRT12
Antithrombin Alfa,drug2gene,F2
Antithrombin Alfa,drug2gene,F10
Homatropine,drug2gene,CHRM1
Homatropine,drug2gene,CHRM2
Homatropine,drug2gene,CHRM3
Homatropine,drug2gene,CHRM4
Homatropine,drug2gene,CHRM5
Menthyl salicylate,drug2gene,PTGS1
Menthyl salicylate,drug2gene,PTGS2
Arbutin,drug2gene,TYR
Thonzylamine,drug2gene,HRH1
Dihydroergocornine,drug2gene,HTR1A
Dihydroergocornine,drug2gene,ADRB1
Dihydroergocornine,drug2gene,ADRA1A
Glycol salicylate,drug2gene,PTGS1
Glycol salicylate,drug2gene,PTGS2
Tetradecyl hydrogen sulfate (ester),drug2gene,PROCR
Alectinib,drug2gene,ALK
Lesinurad,drug2gene,SLC22A12
Lesinurad,drug2gene,SLC22A11
Ravulizumab,drug2gene,C5
Venetoclax,drug2gene,BCL2
Carbon monoxide,drug2gene,MB
Bilastine,drug2gene,HRH1
Atezolizumab,drug2gene,CD274
Atezolizumab,drug2gene,PDCD1
Lifitegrast,drug2gene,ITGAL
Rupatadine,drug2gene,PTAFR
Rupatadine,drug2gene,HRH1
Opicapone,drug2gene,COMT
Vinflunine,drug2gene,TUBB
Pitolisant,drug2gene,HRH3
Tucatinib,drug2gene,ERBB2
Selumetinib,drug2gene,MAP2K1
Selumetinib,drug2gene,MAP2K2
Naldemedine,drug2gene,OPRM1
Naldemedine,drug2gene,OPRD1
Naldemedine,drug2gene,OPRK1
Voclosporin,drug2gene,PPP3R1
Voclosporin,drug2gene,PPP3R2
Pacritinib,drug2gene,JAK2
Pacritinib,drug2gene,FLT3
Tropisetron,drug2gene,HTR3A
Acalabrutinib,drug2gene,BTK
Durvalumab,drug2gene,CD274
Encorafenib,drug2gene,BRAF
Encorafenib,drug2gene,CCND1
Ribociclib,drug2gene,CDK4
Ribociclib,drug2gene,CDK6
Vonoprazan,drug2gene,ATP4A
Istradefylline,drug2gene,ADORA2A
Talazoparib,drug2gene,PARP1
Talazoparib,drug2gene,PARP2
Tenapanor,drug2gene,SLC9A3
Sarilumab,drug2gene,IL6R
Tremelimumab,drug2gene,CTLA4
Capmatinib,drug2gene,MET
Niraparib,drug2gene,PARP1
Niraparib,drug2gene,PARP2
Tivozanib,drug2gene,FLT1
Tivozanib,drug2gene,KDR
Tivozanib,drug2gene,FLT4
Tivozanib,drug2gene,KIT
Tivozanib,drug2gene,PDGFRB
Baricitinib,drug2gene,JAK1
Baricitinib,drug2gene,JAK2
Baricitinib,drug2gene,JAK3
Ertugliflozin,drug2gene,SLC5A2
Neratinib,drug2gene,EGFR
Osilodrostat,drug2gene,CYP11B1
Relugolix,drug2gene,GNRHR
Revefenacin,drug2gene,CHRM1
Romosozumab,drug2gene,SOST
Infigratinib,drug2gene,FGFR1
Infigratinib,drug2gene,FGFR2
Infigratinib,drug2gene,FGFR3
Infigratinib,drug2gene,FGFR4
Apalutamide,drug2gene,AR
Valbenazine,drug2gene,VMAT2
Bempedoic acid,drug2gene,ACLY
Selinexor,drug2gene,XPO1
Avelumab,drug2gene,CD274
Avelumab,drug2gene,PDCD1
Lemborexant,drug2gene,HCRTR1
Lemborexant,drug2gene,HCRTR2
Duvelisib,drug2gene,PIK3CG
Duvelisib,drug2gene,PIK3CD
Dacomitinib,drug2gene,EGFR
Binimetinib,drug2gene,MAP3K1
Binimetinib,drug2gene,MAP2K2
Anifrolumab,drug2gene,IFNAR1
Glasdegib,drug2gene,SMO
Entrectinib,drug2gene,NTRK1
Entrectinib,drug2gene,NTRK3
Entrectinib,drug2gene,ROS1
Ocrelizumab,drug2gene,MS4A1
Abemaciclib,drug2gene,CDK4
Abemaciclib,drug2gene,CDK6
Fostamatinib,drug2gene,SYK
Alpelisib,drug2gene,PIK3CA
Telotristat ethyl,drug2gene,TPH2
Telotristat ethyl,drug2gene,TPH1
Lorlatinib,drug2gene,ALK
Gilteritinib,drug2gene,FLT3
Gilteritinib,drug2gene,AXL
Gilteritinib,drug2gene,ALK
Erdafitinib,drug2gene,FGFR1
Erdafitinib,drug2gene,FGFR2
Erdafitinib,drug2gene,FGFR3
Erdafitinib,drug2gene,FGFR4
Dupilumab,drug2gene,IL4R
Dupilumab,drug2gene,IL13
Dupilumab,drug2gene,IL4
Deutetrabenazine,drug2gene,SLC18A2
Brigatinib,drug2gene,ALK
Brigatinib,drug2gene,EGFR
Propiverine,drug2gene,CHRM1
Propiverine,drug2gene,CHRM2
Propiverine,drug2gene,CHRM3
Propiverine,drug2gene,CACNA1C
Propiverine,drug2gene,ADRA1A
Rucaparib,drug2gene,PARP1
Rucaparib,drug2gene,PARP2
Rucaparib,drug2gene,PARP3
Betrixaban,drug2gene,F10
Rimegepant,drug2gene,CALCRL
Copanlisib,drug2gene,PIK3CA
Copanlisib,drug2gene,PIK3CD
Mogamulizumab,drug2gene,CCR4
Clascoterone,drug2gene,AR
Fedratinib,drug2gene,JAK2
Fedratinib,drug2gene,FLT3
Samidorphan,drug2gene,OPRM1
Asciminib,drug2gene,ABL1
Sotagliflozin,drug2gene,SLC5A2
Sotagliflozin,drug2gene,SLC5A1
Benserazide,drug2gene,DDC
Tazemetostat,drug2gene,EZH2
Sacituzumab govitecan,drug2gene,TOP1
Darolutamide,drug2gene,AR
Pexidartinib,drug2gene,CSF1R
Protein S human,drug2gene,F5
Protein S human,drug2gene,F10
Zofenopril,drug2gene,ACE
Alclofenac,drug2gene,PTGS2
Dichlorobenzyl alcohol,drug2gene,SCN1A
Dihydroergocristine,drug2gene,HTR1A
Dihydroergocristine,drug2gene,ADRB1
Dihydroergocristine,drug2gene,ADRA1A
Dihydroergocristine,drug2gene,DRD1
Bufexamac,drug2gene,PTGS1
Bufexamac,drug2gene,PTGS2
Diphemanil,drug2gene,CHRM3
Glycyrrhizic acid,drug2gene,HSD11B1
Glycyrrhizic acid,drug2gene,TNF
Glycyrrhizic acid,drug2gene,CASP3
Acemetacin,drug2gene,PTGS1
Acemetacin,drug2gene,PTGS2
Enasidenib,drug2gene,IDH2
Crotalus adamanteus antivenin,drug2gene,PLA2G10
Agkistrodon piscivorus antivenin,drug2gene,PLA2G10
Netarsudil,drug2gene,ROCK1
Netarsudil,drug2gene,ROCK2
Netarsudil,drug2gene,SLC6A2
Fish oil,drug2gene,PTGS2
Tildrakizumab,drug2gene,IL12B
Burosumab,drug2gene,FGF23
Fosnetupitant,drug2gene,TACR1
Aripiprazole lauroxil,drug2gene,HTR2A
Andexanet alfa,drug2gene,TFPI
Ivosidenib,drug2gene,IDH1
Lanadelumab,drug2gene,KLKB1
Cemiplimab,drug2gene,PDCD1
Larotrectinib,drug2gene,NTRK1
Larotrectinib,drug2gene,NTRK2
Larotrectinib,drug2gene,NTRK3
Risankizumab,drug2gene,IL12B
Ripretinib,drug2gene,KIT
Ripretinib,drug2gene,PDGFRB
Ripretinib,drug2gene,TEK
Ripretinib,drug2gene,KDR
Ripretinib,drug2gene,BRAF
Ripretinib,drug2gene,PDGFRA
Filgotinib,drug2gene,JAK1
Brolucizumab,drug2gene,VEGFA
Trastuzumab deruxtecan,drug2gene,TOP1
Margetuximab,drug2gene,ERBB2
Abrocitinib,drug2gene,JAK1
Umbralisib,drug2gene,CSNK1E
Umbralisib,drug2gene,PIK3CD
Sutimlimab,drug2gene,C1S
Avacopan,drug2gene,C5AR1
Daridorexant,drug2gene,HCRTR1
Daridorexant,drug2gene,HCRTR2
Zanubrutinib,drug2gene,BTK
Volanesorsen,drug2gene,APOC3
Upadacitinib,drug2gene,JAK1
Pemigatinib,drug2gene,FGFR1
Pemigatinib,drug2gene,FGFR2
Pemigatinib,drug2gene,FGFR3
Tepotinib,drug2gene,MET
Futibatinib,drug2gene,FGFR1
Futibatinib,drug2gene,FGFR2
Futibatinib,drug2gene,FGFR3
Futibatinib,drug2gene,FGFR4
Bulevirtide,drug2gene,SLC10A1
Crizanlizumab,drug2gene,SELP
Faricimab,drug2gene,VEGFA
Faricimab,drug2gene,ANGPT2
Ubrogepant,drug2gene,CALCRL
Evinacumab,drug2gene,ANGPTL3
Trilaciclib,drug2gene,CDK4
Trilaciclib,drug2gene,CDK6
Belzutifan,drug2gene,EPAS1
Adagrasib,drug2gene,KRAS
Sotorasib,drug2gene,KRAS
Spesolimab,drug2gene,IL1RL2
Selpercatinib,drug2gene,RET
Cedazuridine,drug2gene,CDA
Pralsetinib,drug2gene,RET
Berotralstat,drug2gene,KLKB1
Atogepant,drug2gene,CALCRL
Finerenone,drug2gene,NR3C2
Maralixibat,drug2gene,SLC10A2
Odevixibat,drug2gene,SLC10A2
Olutasidenib,drug2gene,IDH1
Mobocertinib,drug2gene,EGFR
Serdexmethylphenidate,drug2gene,SLC6A3
Serdexmethylphenidate,drug2gene,SLC6A2
Deucravacitinib,drug2gene,TYK2
Amivantamab,drug2gene,MET
Belumosudil,drug2gene,ROCK2
Belumosudil,drug2gene,ROCK1
Linzagolix,drug2gene,GNRHR